{"accuracy": [0.12517301738262177], "loss": [2.629351854324341], "val_accuracy": [0.15568654239177704], "val_loss": [2.5673840045928955], "learning_rate": [0.0010000000474974513]}